{
    "m_Version": 7,
    "SpawnLocations": [
        {
            "Name": "Schiff",
            "Positions": [
                [
                    6817.87158203125,
                    10.867447853088379,
                    1359.8402099609376
                ],
                [
                    6777.4443359375,
                    8.0954008102417,
                    1308.213134765625
                ],
                [
                    6661.36083984375,
                    7.560036659240723,
                    1262.53662109375
                ],
                [
                    7182.79248046875,
                    9.030350685119629,
                    1247.986083984375
                ],
                [
                    7204.93994140625,
                    9.322030067443848,
                    1251.7099609375
                ],
                [
                    6656.2998046875,
                    1.160040020942688,
                    1273.699951171875
                ]
            ],
            "UseCooldown": 1
        },
        {
            "Name": "Hochhaus",
            "Positions": [
                [
                    6549.669921875,
                    33.402801513671878,
                    1483.9599609375
                ],
                [
                    6557.10009765625,
                    30.00279998779297,
                    1486.27001953125
                ],
                [
                    6537.97021484375,
                    26.602800369262697,
                    1488.4200439453126
                ],
                [
                    6549.56005859375,
                    23.202800750732423,
                    1484.31005859375
                ],
                [
                    6556.37255859375,
                    19.80280303955078,
                    1486.1676025390626
                ]
            ],
            "UseCooldown": 1
        },
        {
            "Name": "Rathaus",
            "Positions": [
                [
                    6849.6064453125,
                    41.92311096191406,
                    1975.1275634765626
                ],
                [
                    6844.2900390625,
					41.922698974609378,
					1970.2900390625
                ],
                [
                    6837.8857421875,
					41.923118591308597,
					1975.181640625
                ],
                [
                    6902.51171875,
					41.92311096191406,
					1975.1285400390626
                ],
                [
                    6909.05908203125,
					41.92268371582031,
					1970.102294921875
                ]
            ],
            "UseCooldown": 1
        },
        {
            "Name": "Baustelle",
            "Positions": [
                [
                    6591.77978515625,
					40.91429901123047,
					1786.469970703125
                ],
                [
                    6590.57666015625,
					40.90475082397461,
					1805.7186279296876
                ],
                [
                    6588.5498046875,
					32.94060134887695,
					1781.6300048828126
                ],
                [
                    6488.91015625,
					43.7056999206543,
					1835.27001953125
                ],
                [
                    6462.77978515625,
					39.729698181152347,
					1815.5
                ],
                [
                    6498.1669921875,
					30.01947784423828,
					1808.694580078125
                ]
            ],
            "UseCooldown": 1
        }
    ],
    "StartingClothing": {
        "EnableCustomClothing": 1,
        "SetRandomHealth": 1,
        "Headgear": [],
        "Glasses": [],
        "Masks": [],
        "Tops": [
            "TShirt_Green",
            "TShirt_Blue",
            "TShirt_Black",
            "TShirt_Beige",
            "TShirt_Red",
            "TShirt_OrangeWhiteStripes",
            "TShirt_White",
            "TShirt_Red",
            "TShirt_Grey",
            "TShirt_RedBlackStripes"
        ],
        "Vests": [],
        "Gloves": [],
        "Pants": [
            "CanvasPants_Beige",
            "CanvasPants_Blue",
            "CanvasPants_Grey",
            "CanvasPants_Red",
            "CanvasPants_Violet",
            "CanvasPantsMidi_Beige",
            "CanvasPantsMidi_Blue",
            "CanvasPantsMidi_Grey",
            "CanvasPantsMidi_Red",
            "CanvasPantsMidi_Violet"
        ],
        "Belts": [],
        "Shoes": [
            "AthleticShoes_Blue",
            "AthleticShoes_Grey",
            "AthleticShoes_Brown",
            "AthleticShoes_Green",
            "AthleticShoes_Black"
        ],
        "Armbands": [],
        "Backpacks": [
            "TaloonBag_Blue",
            "TaloonBag_Green",
            "TaloonBag_Orange",
            "TaloonBag_Violet"
        ]
    },
    "EnableSpawnSelection": 1,
    "SpawnOnTerritory": 0,
    "StartingGear": {
        "EnableStartingGear": 1,
        "ApplyEnergySources": 1,
        "SetRandomHealth": 1,
        "UpperGear": [
            {
                "ClassName": "Rag",
                "Quantity": 4,
                "Attachments": []
            },
            {
                "ClassName": "Apple",
                "Quantity": -1,
                "Attachments": []
            }
        ],
        "PantsGear": [],
		"BackpackGear": [
            {
                "ClassName": "Rag",
                "Quantity": 4,
                "Attachments": []
            },
            {
                "ClassName": "WaterBottle",
                "Quantity": -1,
                "Attachments": []
            },
            {
                "ClassName": "Hatchet",
                "Quantity": -1,
                "Attachments": []
            }
        ],
        "VestGear": [],
        "PrimaryWeapon": {},
        "SecondaryWeapon": {}
    },
    "UseLoadouts": 0,
    "MaleLoadouts": [
        {
            "Loadout": "PlayerSurvivorLoadout",
            "Chance": 1.0
        }
    ],
    "FemaleLoadouts": [
        {
            "Loadout": "PlayerSurvivorLoadout",
            "Chance": 1.0
        }
    ],
    "SpawnHealthValue": 100.0,
    "SpawnEnergyValue": 500.0,
    "SpawnWaterValue": 500.0,
    "EnableRespawnCooldowns": 1,
    "RespawnCooldown": 120,
    "TerritoryRespawnCooldown": 240,
    "PunishMultispawn": 1,
    "PunishCooldown": 120,
    "PunishTimeframe": 300,
    "CreateDeathMarker": 1,
    "BackgroundImagePath": "DayZExpansion/SpawnSelection/GUI/textures/wood_background.edds"
}